<?xml version="1.0" encoding="utf-8"?>
<?xml-stylesheet type="text/xsl" title="XSL Formatting" href="/show_new_final.xsl" media="all"?>
<!--
SINA Corporation (NASDAQ: SINA) is a leading online media company and value-added information service (VAS) provider for China and for Chinese communities worldwide. With a branded network of localized websites targeting Greater China and overseas Chinese, SINA provides services through five major business lines including SINA.com (online news and content), SINA Mobile (mobile value-added services), SINA Online (community-based services and games), SINA.net (search and enterprise services) and SINA E-commerce (online shopping), offering Internet users and government and business clients an array of services including online media and entertainment, online fee-based VAS/wireless VAS, and e-commerce and enterprise e-solutions.
With 230 million registered users worldwide, 450 million daily page views and over 60 million active users for a variety of fee-based services, SINA is the most recognized Internet brand name in China and among Chinese communities globally.
In various surveys and polls, SINA has been recognized as the most valuable brand and the most popular website in China. For 2003 and 2005, SINA was ranked the "Most Preferred Website" in China according to the Chinese Academy of Social Sciences and considered "The Most Respected Chinese Company" for three consecutive years in 2003, 2004 and 2005 by the Economic Observer and the Management Case Study Center of Beijing University. At the same time, South China Weekend in both 2003 and 2004 honored SINA with the prestigious award of the "Chinese Language Medium of the Year."
****[pid:1,tid:491,did:1,fid:11645]****-->
<rss version="2.0">
	<channel>
		<title>
			<![CDATA[焦点新闻-新浪新闻]]>
		</title>
		<image>
			<title>
				<![CDATA[新闻中心-社会新闻]]>
			</title>
			<link>http://news.sina.com.cn/society/index.shtml</link>
			<url>http://www.sinaimg.cn/home/deco/2009/0330/logo_home_news.gif</url>
		</image>
		<description>
			<![CDATA[社会新闻-焦点新闻]]>
		</description>
		<link>http://www.sinaimg.cn/dy/491/2008/0827/1.html</link>
		<language>zh-cn</language>
		<generator>WWW.SINA.COM.CN</generator>
		<ttl>5</ttl>
		<copyright>
			<![CDATA[Copyright 1996 - 2017 SINA Inc. All Rights Reserved]]>
		</copyright>
		<pubDate>Tue, 11 Jul 2017 06:17:05 GMT</pubDate>
		<category>
			<![CDATA[]]>
		</category>
		<item>
			<title>
				<![CDATA[女子入境内衣藏124颗钻石被查 估价约208万(图)]]>
			</title>
			<link>http://go.rss.sina.com.cn/redirect.php?url=http://news.sina.com.cn/s/wh/2017-07-11/doc-ifyhvyie1026691.shtml</link>
			<author>WWW.SINA.COM.CN</author>
			<guid>http://go.rss.sina.com.cn/redirect.php?url=http://news.sina.com.cn/s/wh/2017-07-11/doc-ifyhvyie1026691.shtml</guid>
			<category>
				<![CDATA[社会新闻-焦点新闻]]>
			</category>
			<pubDate>Tue, 11 Jul 2017 05:51:42 GMT</pubDate>
			<comments></comments>
			<description>
				<![CDATA[　　南方网消息，深圳海关隶属沙头角海关近日透露，一女子在内衣中藏匿124颗钻石，在经沙头角口岸入境时被海关查获，初估价值208万元。
女子内衣藏124颗钻石被海关查获。南方网 图
　　7月4日晚8时许，一名中年女子在现场关员的引导下，将其随身携带的小包放置于X光机缓缓转动的传....]]>
			</description>
		</item>
		<item>
			<title>
				<![CDATA[已婚男装美女骗男子44万 坦白身份后又骗123万]]>
			</title>
			<link>http://go.rss.sina.com.cn/redirect.php?url=http://news.sina.com.cn/s/wh/2017-07-11/doc-ifyhwehx5672552.shtml</link>
			<author>WWW.SINA.COM.CN</author>
			<guid>http://go.rss.sina.com.cn/redirect.php?url=http://news.sina.com.cn/s/wh/2017-07-11/doc-ifyhwehx5672552.shtml</guid>
			<category>
				<![CDATA[社会新闻-焦点新闻]]>
			</category>
			<pubDate>Tue, 11 Jul 2017 05:41:31 GMT</pubDate>
			<comments></comments>
			<description>
				<![CDATA[　　原标题：“盘丝洞”里遇“美女”，湖北男两个月转账167万不知被骗
　　在社交APP里加了一位美女，对方发来色情小视频，并用苦情戏码博取同情。湖北襄阳人陈某被这名素未谋面，连声音都未听过的“美女”骗取44万元。
　　其后，“美女”自曝男性身份，但声称自己是“富二代”投....]]>
			</description>
		</item>
		<item>
			<title>
				<![CDATA[动漫展模型头部被人拿走 涉事者称为镇宅]]>
			</title>
			<link>http://go.rss.sina.com.cn/redirect.php?url=http://news.sina.com.cn/s/wh/2017-07-11/doc-ifyhweua4780834.shtml</link>
			<author>WWW.SINA.COM.CN</author>
			<guid>http://go.rss.sina.com.cn/redirect.php?url=http://news.sina.com.cn/s/wh/2017-07-11/doc-ifyhweua4780834.shtml</guid>
			<category>
				<![CDATA[社会新闻-焦点新闻]]>
			</category>
			<pubDate>Tue, 11 Jul 2017 05:06:20 GMT</pubDate>
			<comments></comments>
			<description>
				<![CDATA[　　原标题：上海动漫展现“无头模型”，涉事者称拿模型头部为了“镇宅”
　　7月10日下午，正在上海世博展览馆内举行的第13届中国国际动漫游戏博览会上，出现了令人哭笑不得的一幕――被发烧友们俗称为“独角兽”和“元祖78”两台高达模型的头部“失踪了”！

　　你没看错，两台....]]>
			</description>
		</item>
		<item>
			<title>
				<![CDATA[毕业季频现学生酒精中毒 聚会时女学生喝到吐血]]>
			</title>
			<link>http://go.rss.sina.com.cn/redirect.php?url=http://news.sina.com.cn/s/wh/2017-07-11/doc-ifyhweua4772029.shtml</link>
			<author>WWW.SINA.COM.CN</author>
			<guid>http://go.rss.sina.com.cn/redirect.php?url=http://news.sina.com.cn/s/wh/2017-07-11/doc-ifyhweua4772029.shtml</guid>
			<category>
				<![CDATA[社会新闻-焦点新闻]]>
			</category>
			<pubDate>Tue, 11 Jul 2017 04:00:52 GMT</pubDate>
			<comments></comments>
			<description>
				<![CDATA[　　生活报7月11日讯 中考分数挺理想，哈尔滨市一名初中毕业生和同学一起庆祝，没想到多喝了几杯，一直喝到接近昏迷状态。生活报记者从哈尔滨市第二医院急诊科了解到，随着中高考分数出炉，一些学生也开始了毕业前的聚会，一些年轻学生平时并不饮酒，结果在喝酒后出现酒精中毒的情....]]>
			</description>
		</item>
		<item>
			<title>
				<![CDATA[小伙网上上骂人 被判朋友圈道歉3天赔1500元]]>
			</title>
			<link>http://go.rss.sina.com.cn/redirect.php?url=http://news.sina.com.cn/s/wh/2017-07-11/doc-ifyhwefp0567113.shtml</link>
			<author>WWW.SINA.COM.CN</author>
			<guid>http://go.rss.sina.com.cn/redirect.php?url=http://news.sina.com.cn/s/wh/2017-07-11/doc-ifyhwefp0567113.shtml</guid>
			<category>
				<![CDATA[社会新闻-焦点新闻]]>
			</category>
			<pubDate>Tue, 11 Jul 2017 03:24:12 GMT</pubDate>
			<comments></comments>
			<description>
				<![CDATA[　　原标题：青岛一小伙微信上骂人，被判朋友圈道歉3天赔1500元
　　黄岛男子孙某开了家中介服务公司，与张某因业务往来产生矛盾，张某就在微信朋友圈用粗俗语言辱骂孙某，并附上了孙某的公司信息以及手机号，给孙某造成很大困扰，公司经营也受到一定影响。于是，孙某将张某诉至法....]]>
			</description>
		</item>
		<item>
			<title>
				<![CDATA[男子冒充军官和总裁诈骗:支付千万摆账给你50亿]]>
			</title>
			<link>http://go.rss.sina.com.cn/redirect.php?url=http://news.sina.com.cn/c/2017-07-11/doc-ifyhvyie0995538.shtml</link>
			<author>WWW.SINA.COM.CN</author>
			<guid>http://go.rss.sina.com.cn/redirect.php?url=http://news.sina.com.cn/c/2017-07-11/doc-ifyhvyie0995538.shtml</guid>
			<category>
				<![CDATA[社会新闻-焦点新闻]]>
			</category>
			<pubDate>Tue, 11 Jul 2017 02:33:09 GMT</pubDate>
			<comments></comments>
			<description>
				<![CDATA[　　大洋网讯 如果有人说，他能把50亿美元打到你的账上，还能将资金“投资境外基金”在短时间内为你获取几十倍回报，但要求你支付上千万元人民币的“摆账”费用，你会相信吗？中国裁判文书网近日公布了李某誉合同诈骗案的二审刑事裁定书，揭开了这种天方夜谭式致富神话背后的骗局....]]>
			</description>
		</item>
		<item>
			<title>
				<![CDATA[路人不接广告被打爆眼 两打人者被判赔近万元]]>
			</title>
			<link>http://go.rss.sina.com.cn/redirect.php?url=http://news.sina.com.cn/c/2017-07-11/doc-ifyhvyie0993883.shtml</link>
			<author>WWW.SINA.COM.CN</author>
			<guid>http://go.rss.sina.com.cn/redirect.php?url=http://news.sina.com.cn/c/2017-07-11/doc-ifyhvyie0993883.shtml</guid>
			<category>
				<![CDATA[社会新闻-焦点新闻]]>
			</category>
			<pubDate>Tue, 11 Jul 2017 02:23:08 GMT</pubDate>
			<comments></comments>
			<description>
				<![CDATA[　　大洋网讯 走在路上面对别人递上的广告传单，你会接吗？广州市民梁某没有想到，他和女友就因没接这些广告单，竟被发健身会所广告单的两人骂，甚至还被打，结果梁某被打致轻微伤。记者昨日获悉，广州市白云法院一审判决两名打人者赔偿伤者医疗费、误工费、精神损害抚慰金、眼镜....]]>
			</description>
		</item>
		<item>
			<title>
				<![CDATA[学生高中名额疑被官员亲属顶包 官方:未顶替]]>
			</title>
			<link>http://go.rss.sina.com.cn/redirect.php?url=http://news.sina.com.cn/s/wh/2017-07-11/doc-ifyhvyie0989247.shtml</link>
			<author>WWW.SINA.COM.CN</author>
			<guid>http://go.rss.sina.com.cn/redirect.php?url=http://news.sina.com.cn/s/wh/2017-07-11/doc-ifyhvyie0989247.shtml</guid>
			<category>
				<![CDATA[社会新闻-焦点新闻]]>
			</category>
			<pubDate>Tue, 11 Jul 2017 02:01:19 GMT</pubDate>
			<comments></comments>
			<description>
				<![CDATA[　　原标题：浙江三门回应“学生中考落榜疑被当官亲戚顶包”：与事实不符
　　关于网上流传三门县六敖中学一学生入学资格被顶包一事的情况说明
　　7月9日晚，“IT笑谈”微信公众号发布《三门县六敖中学一学生中考落榜，疑因被当官亲戚违规顶包？》一文，经三门县教育局核查，文中....]]>
			</description>
		</item>
		<item>
			<title>
				<![CDATA[出租司机不听指挥与辅警冲突 警方：辅警被辞退]]>
			</title>
			<link>http://go.rss.sina.com.cn/redirect.php?url=http://news.sina.com.cn/s/wh/2017-07-11/doc-ifyhwefp0557710.shtml</link>
			<author>WWW.SINA.COM.CN</author>
			<guid>http://go.rss.sina.com.cn/redirect.php?url=http://news.sina.com.cn/s/wh/2017-07-11/doc-ifyhwefp0557710.shtml</guid>
			<category>
				<![CDATA[社会新闻-焦点新闻]]>
			</category>
			<pubDate>Tue, 11 Jul 2017 01:47:33 GMT</pubDate>
			<comments></comments>
			<description>
				<![CDATA[　　原标题：哈市香坊交警大队辅警张某被停止工作呈报辞退
资料图
资料图
　　中新网黑龙江新闻7月11日电（杨志勇）哈市交警部门11日凌晨发布消息，10日，“交通辅警打出租车司机”的视频在哈市微信朋友圈里传播后，哈尔滨市公安交通管理局纪检部门随即介入调查。
　　经初步调查....]]>
			</description>
		</item>
		<item>
			<title>
				<![CDATA[男子梦到有人“追杀他” 半夜拉着妻子跳山崖]]>
			</title>
			<link>http://go.rss.sina.com.cn/redirect.php?url=http://news.sina.com.cn/s/wh/2017-07-11/doc-ifyhwehx5653928.shtml</link>
			<author>WWW.SINA.COM.CN</author>
			<guid>http://go.rss.sina.com.cn/redirect.php?url=http://news.sina.com.cn/s/wh/2017-07-11/doc-ifyhwehx5653928.shtml</guid>
			<category>
				<![CDATA[社会新闻-焦点新闻]]>
			</category>
			<pubDate>Tue, 11 Jul 2017 01:14:50 GMT</pubDate>
			<comments></comments>
			<description>
				<![CDATA[　　原标题：云南永善一男子半夜拉妻子跳山崖&nbsp;真相令人啼笑皆非
李某某被找到
　　云南网讯（记者&nbsp;赵岗&nbsp;通讯员&nbsp;龙喜学&nbsp;孔祥美&nbsp;周明德）“快跑啊，有人要追杀我们。”还未等妻子反应过来，丈夫已纵身跳下200米高的山崖……7月11日，云南网从昭通市永....]]>
			</description>
		</item>
		<item>
			<title>
				<![CDATA[胖男抢金店自信女店员追不上 跑出才百米就累瘫]]>
			</title>
			<link>http://go.rss.sina.com.cn/redirect.php?url=http://news.sina.com.cn/s/wh/2017-07-11/doc-ifyhweua4737658.shtml</link>
			<author>WWW.SINA.COM.CN</author>
			<guid>http://go.rss.sina.com.cn/redirect.php?url=http://news.sina.com.cn/s/wh/2017-07-11/doc-ifyhweua4737658.shtml</guid>
			<category>
				<![CDATA[社会新闻-焦点新闻]]>
			</category>
			<pubDate>Tue, 11 Jul 2017 01:07:44 GMT</pubDate>
			<comments></comments>
			<description>
				<![CDATA[　　封面新闻讯（记者 唐金龙）7月6日下午6时许，一位身着黄色体恤衫、30岁左右的男子走进了四川广汉市一家珠宝店。男子先围着店面随意逛了两圈，随后直接走到了卖黄金首饰的柜台，向店员提出要看一看柜台中最粗的一条黄金项链。营业员小红见男子微微偏着头，神情有些紧张，不太像....]]>
			</description>
		</item>
		<item>
			<title>
				<![CDATA[减肥药称每粒最多减重6斤 女子轻信吃后险丧命]]>
			</title>
			<link>http://go.rss.sina.com.cn/redirect.php?url=http://news.sina.com.cn/c/2017-07-11/doc-ifyhvyie0978553.shtml</link>
			<author>WWW.SINA.COM.CN</author>
			<guid>http://go.rss.sina.com.cn/redirect.php?url=http://news.sina.com.cn/c/2017-07-11/doc-ifyhvyie0978553.shtml</guid>
			<category>
				<![CDATA[社会新闻-焦点新闻]]>
			</category>
			<pubDate>Tue, 11 Jul 2017 01:03:11 GMT</pubDate>
			<comments></comments>
			<description>
				<![CDATA[犯罪嫌疑人白某
警方在嫌疑人行李箱搜出一批非法美容产品
　　我在网上购买了几盒‘D××A’减肥药，服用后出现口干舌燥、呕吐、腹泻等情况，减肥效果也并不明显，直到送医就诊才发现自己买到假药。
　　――何小姐
　　大洋网讯 “快速溶脂，一粒见效，每粒减重2~6斤，无效退款…....]]>
			</description>
		</item>
		<item>
			<title>
				<![CDATA[出租司机撞暴走队1死2伤 组织方:修路才上主道]]>
			</title>
			<link>http://go.rss.sina.com.cn/redirect.php?url=http://news.sina.com.cn/s/wh/2017-07-11/doc-ifyhwehx5646514.shtml</link>
			<author>WWW.SINA.COM.CN</author>
			<guid>http://go.rss.sina.com.cn/redirect.php?url=http://news.sina.com.cn/s/wh/2017-07-11/doc-ifyhwehx5646514.shtml</guid>
			<category>
				<![CDATA[社会新闻-焦点新闻]]>
			</category>
			<pubDate>Tue, 11 Jul 2017 00:47:06 GMT</pubDate>
			<comments></comments>
			<description>
				<![CDATA[　　原标题：临沂“晨跑团”机动车道锻炼遭车撞 协会会长：因修路才上了主路

　　7月8日，一段出租车撞向跑步行人的视频引起网友关注，视频中出租车司机开车“闯入”了正在机动车道上的晨跑人群，并撞倒了几名正在晨跑的市民。7月9日，山东省临沂市交警直属二大队发布通报称，该....]]>
			</description>
		</item>
		<item>
			<title>
				<![CDATA[家长不许玩手游 15岁熊孩子划29辆车泄愤]]>
			</title>
			<link>http://go.rss.sina.com.cn/redirect.php?url=http://news.sina.com.cn/s/wh/2017-07-11/doc-ifyhwefp0544254.shtml</link>
			<author>WWW.SINA.COM.CN</author>
			<guid>http://go.rss.sina.com.cn/redirect.php?url=http://news.sina.com.cn/s/wh/2017-07-11/doc-ifyhwefp0544254.shtml</guid>
			<category>
				<![CDATA[社会新闻-焦点新闻]]>
			</category>
			<pubDate>Tue, 11 Jul 2017 00:33:09 GMT</pubDate>
			<comments></comments>
			<description>
				<![CDATA[　　[家长不许玩手游，熊孩子为泄愤划29辆车]前两天，南通某小区的地下车库里，29辆私家车一下子全被划成了“大花脸”。警方调查发现，划车的是一名15岁的少年，只是因为家长不准他玩手游。很多车主表示，对于未成年人的过激行为，他们可以原谅，但是孩子父母态度恶劣，不愿意调解....]]>
			</description>
		</item>
		<item>
			<title>
				<![CDATA[盗贼割开保险柜偷近24万现金 医院悬赏30万抓人]]>
			</title>
			<link>http://go.rss.sina.com.cn/redirect.php?url=http://news.sina.com.cn/s/wh/2017-07-11/doc-ifyhvyie0970389.shtml</link>
			<author>WWW.SINA.COM.CN</author>
			<guid>http://go.rss.sina.com.cn/redirect.php?url=http://news.sina.com.cn/s/wh/2017-07-11/doc-ifyhvyie0970389.shtml</guid>
			<category>
				<![CDATA[社会新闻-焦点新闻]]>
			</category>
			<pubDate>Tue, 11 Jul 2017 00:06:23 GMT</pubDate>
			<comments></comments>
			<description>
				<![CDATA[　　抓住他，奖励30万元！提供有效线索协助警方破案者，奖励10万元！7月10日，云南妇产科医院发出公告，悬赏寻找盗窃该院23.98万元的“江洋大盗”。
犯罪嫌疑人。视频截图
　　云南网了解到，2017年6月19日下午14时40分，云南妇产科医院财务出纳上班后打开财务办公室发现，办公室....]]>
			</description>
		</item>
	</channel>
</rss>