<?xml version="1.0" encoding="utf-8"?>
<rss version="2.0" xmlns:im="http://purl.org/rss/1.0/item-images/" xmlns:dc="http://purl.org/dc/elements/1.1/" >
<channel>
<pubDate>Sun, 09 Jul 2017 15:15:24 +0800</pubDate>
<lastBuildDate>Sun, 09 Jul 2017 15:15:24 +0800</lastBuildDate>
<docs><![CDATA[http://world.huanqiu.com/hot/]]></docs>
<description><![CDATA[]]></description>
<link><![CDATA[http://world.huanqiu.com/hot/]]></link>
<title>国际热点</title>
<webMaster>http://www.huanqiu.com/</webMaster>
<generator>http://www.huanqiu.com/</generator>
<ttl>60</ttl>
<dc:creator>http://www.huanqiu.com/</dc:creator>
<dc:date>Sun, 09 Jul 2017 15:15:24 +0800</dc:date>
<item>
<title><![CDATA[三星会长身家185亿美元 挺进全球富豪榜前50]]></title>
<link><![CDATA[http://world.huanqiu.com/hot/2017-07/10954752.html]]></link>
<description><![CDATA[中新网7月9日电据韩联社报道，随着韩国三星电子股票价格连刷新高，三星集团会长李健熙的净身家已经达到185亿美元，挺进全球富豪榜前50。三星会长李健熙。图片来源：韩联社报道称，美国彭博新闻社亿万富翁指数9日显示，李健熙的财富为185亿美元，在全球富豪榜排名第45位，成为韩国首富。据统计，今年来李健熙的财富增加44亿美元，涨幅达30.9%。]]></description>
<pubDate>2017-07-09 14:52:37</pubDate>
<guid><![CDATA[http://world.huanqiu.com/hot/2017-07/10954752.html]]></guid>
<author><![CDATA[http://world.huanqiu.com/hot/]]></author>
</item>
<item>
<title><![CDATA[虐杀夏威夷土著“神鸟” 美国大学生被判监禁45天]]></title>
<link><![CDATA[http://world.huanqiu.com/hot/2017-07/10954748.html]]></link>
<description><![CDATA[新华网北京7月9日电毕业于夏威夷精英高中、就读于纽约大学的克里斯蒂安·古铁雷斯6日戴着手铐走出檀香山的环境法庭，身负虐杀珍贵海鸟罪名，被判监禁45天。检察官和野生动物保护团体原本要求法官判古铁雷斯一年监禁，认为其行为足以得到“最重惩罚”。古铁雷斯2015年与一群高中同学一起在檀香山西端卡埃纳角自然保护区附近露营，其间杀死至少15只国家级保护动物黑背信天翁(又称夏威夷信天翁)。]]></description>
<pubDate>2017-07-09 14:51:43</pubDate>
<guid><![CDATA[http://world.huanqiu.com/hot/2017-07/10954748.html]]></guid>
<author><![CDATA[http://world.huanqiu.com/hot/]]></author>
</item>
<item>
<title><![CDATA[印巴交火死亡人数增至7人 印派数千士兵严防示威]]></title>
<link><![CDATA[http://world.huanqiu.com/hot/2017-07/10954747.html]]></link>
<description><![CDATA[印控克什米尔地区，戴着面具的抗议者朝当地的警察抛掷石块。]]></description>
<pubDate>2017-07-09 14:51:32</pubDate>
<guid><![CDATA[http://world.huanqiu.com/hot/2017-07/10954747.html]]></guid>
<author><![CDATA[http://world.huanqiu.com/hot/]]></author>
</item>
<item>
<title><![CDATA[韩国政府将特邀专家加入韩日慰安妇协议审查组]]></title>
<link><![CDATA[http://world.huanqiu.com/hot/2017-07/10954738.html]]></link>
<description><![CDATA[据韩联社报道，多位韩国政府消息人士9日透露，韩政府将邀请专家学者加入即将组建的《韩日慰安妇问题协议》审查工作组，保障审查的客观性。]]></description>
<pubDate>2017-07-09 14:49:58</pubDate>
<guid><![CDATA[http://world.huanqiu.com/hot/2017-07/10954738.html]]></guid>
<author><![CDATA[http://world.huanqiu.com/hot/]]></author>
</item>
<item>
<title><![CDATA[美媒“起底”章莹颖案嫌犯克里斯滕森生活背景]]></title>
<link><![CDATA[http://world.huanqiu.com/hot/2017-07/10954705.html]]></link>
<description><![CDATA[章莹颖案在美国也有不低的关注度，当地媒体深度报道了嫌犯克里斯滕森的背景情况。《芝加哥论坛报》7月8日发表了一篇长篇报道“起底”嫌犯，文章标题是“从受尊重的物理系学生到绑架案嫌犯”。报道说，克里斯滕森出生并长大在史蒂文生角的一个中产社区家庭，有一个哥哥、一个妹妹。]]></description>
<pubDate>2017-07-09 14:19:48</pubDate>
<guid><![CDATA[http://world.huanqiu.com/hot/2017-07/10954705.html]]></guid>
<author><![CDATA[http://world.huanqiu.com/hot/]]></author>
</item>
<item>
<title><![CDATA[章莹颖案目击者新线索：她可能曾出现在塞勒姆镇]]></title>
<link><![CDATA[http://world.huanqiu.com/hot/2017-07/10954704.html]]></link>
<description><![CDATA[中青在线华盛顿7月9日电(中国青年报·中青在线驻美国记者刘平)美国一家地方媒体报道称，在一个名为塞勒姆(Salem)的小镇，联邦调查局(FBI)正在调查一些与章莹颖失踪案有关的新线索：多名目击者声称在这里看到过章莹颖。总部位于密苏里州圣路易市的电视媒体KMOV7月8日报道称，多人近日对警方表示，他们曾在位于圣路易斯市以东一个半小时车程的伊利诺伊州塞勒姆(Salem)看到过章莹颖，FBI正在联系这些目击者并跟进调查相关线索。]]></description>
<pubDate>2017-07-09 14:19:29</pubDate>
<guid><![CDATA[http://world.huanqiu.com/hot/2017-07/10954704.html]]></guid>
<author><![CDATA[http://world.huanqiu.com/hot/]]></author>
</item>
<item>
<title><![CDATA[解读：俄美领导人会晤“外冷内热”的背后]]></title>
<link><![CDATA[http://world.huanqiu.com/hot/2017-07/10954703.html]]></link>
<description><![CDATA[新华社北京7月9日电（记者夏文辉）俄美领导人当地时间7日在德国汉堡的二十国集团（G20）领导人第十二次峰会期间会晤。舆论关注美国总统唐纳德·特朗普上任后同俄罗斯总统弗拉基米尔·普京的第一次面对面打交道，以此研判两国关系走向。原计划30分钟却延至两个多小时的闭门会晤后，美国国务卿蒂勒森和俄罗斯外长拉夫罗夫先后向记者吹风。两国媒体就此看法不同，美联社认为特朗普基本按套路会见了普京，但两国关系依然存在问题。]]></description>
<pubDate>2017-07-09 14:19:21</pubDate>
<guid><![CDATA[http://world.huanqiu.com/hot/2017-07/10954703.html]]></guid>
<author><![CDATA[http://world.huanqiu.com/hot/]]></author>
</item>
<item>
<title><![CDATA[巴基斯坦驻华大使哈立德出席第二十三届兰洽会]]></title>
<link><![CDATA[http://world.huanqiu.com/hot/2017-07/10954682.html]]></link>
<description><![CDATA[新华网北京7月9日电（巩阳）第二十三届中国兰州投资贸易洽谈会暨丝绸之路合作发展高端论坛近日在兰州开幕，巴基斯坦驻华大使马苏德·哈立德作为巴方代表出席开幕仪式。哈立德表示，中巴关系是全天候战略合作伙伴关系，巴方将全力保障中巴经济走廊建设。他说，巴基斯坦将继续与中方一道，共促区域繁荣。]]></description>
<pubDate>2017-07-09 13:49:23</pubDate>
<guid><![CDATA[http://world.huanqiu.com/hot/2017-07/10954682.html]]></guid>
<author><![CDATA[http://world.huanqiu.com/hot/]]></author>
</item>
<item>
<title><![CDATA[巴基斯坦总统侯赛因会见科技部长万钢]]></title>
<link><![CDATA[http://world.huanqiu.com/hot/2017-07/10954624.html]]></link>
<description><![CDATA[新华社伊斯兰堡7月9日电8日，全国政协副主席、科技部部长万钢在伊斯兰堡拜会了巴基斯坦总统马姆努恩·侯赛因。万钢部长表示，科技合作是中巴双边关系的重要内容，中巴在政府间科技合作联委会和中国－南亚科技伙伴计划框架下开展合作。中方愿与巴就“一带一路”科技创新领域深化合作，让科技造福人民。]]></description>
<pubDate>2017-07-09 13:22:20</pubDate>
<guid><![CDATA[http://world.huanqiu.com/hot/2017-07/10954624.html]]></guid>
<author><![CDATA[http://world.huanqiu.com/hot/]]></author>
</item>
<item>
<title><![CDATA[法国拟2040年禁售燃油车]]></title>
<link><![CDATA[http://world.huanqiu.com/hot/2017-07/10954621.html]]></link>
<description><![CDATA[新华社巴黎７月８日电法国团结与生态转型部长尼古拉·于洛日前宣布，法国将在２０４０年前彻底禁售燃油车。据法国媒体报道，于洛在一个记者会上宣布了上述措施。曾经担任知名环保节目主持人的于洛说，将通过经济手段激励法国人用清洁能源车辆取代排放污染的车辆。他说：“政府将向每一位法国人提供奖金，让他们用新车或二手车取代１９９７年以前生产的柴油车或２００１年以前生产的汽油车。]]></description>
<pubDate>2017-07-09 13:21:49</pubDate>
<guid><![CDATA[http://world.huanqiu.com/hot/2017-07/10954621.html]]></guid>
<author><![CDATA[http://world.huanqiu.com/hot/]]></author>
</item>
<item>
<title><![CDATA[委内瑞拉最高法院批准反对派领导人回家服刑]]></title>
<link><![CDATA[http://world.huanqiu.com/hot/2017-07/10954619.html]]></link>
<description><![CDATA[新华社加拉加斯７月８日电（记者李文清）委内瑞拉最高法院８日发布公报说，基于反对派领导人莱奥波尔多·洛佩斯的身体原因，决定对其采取人道主义措施，批准他从在狱中服刑改为在家接受监禁。委内瑞拉总统马杜罗随后表示，希望此举能推动洛佩斯传递出“改正与和平的信号”。目前洛佩斯已从委内瑞拉西部的军事监狱中回到位于加拉加斯的家中，但尚未作出任何公开表态。]]></description>
<pubDate>2017-07-09 13:21:21</pubDate>
<guid><![CDATA[http://world.huanqiu.com/hot/2017-07/10954619.html]]></guid>
<author><![CDATA[http://world.huanqiu.com/hot/]]></author>
</item>
<item>
<title><![CDATA[“汉语让我更开阔”——记乌干达首次举办“汉语桥”中学生中文比赛]]></title>
<link><![CDATA[http://world.huanqiu.com/hot/2017-07/10954617.html]]></link>
<description><![CDATA[新华社坎帕拉７月８日电通讯：“汉语让我更开阔”——记乌干达首次举办“汉语桥”中学生中文比赛新华社记者张改萍袁卿“世上无难事，只怕有心人。虽然学习汉语不是容易的事，但我喜欢学汉语，而且我坚持下来了。学汉语不仅能给我带来更多的机会，还能让我和中国人自由地交谈……”乌干达中学生李和平做了主题为“汉语让我更开阔”的演讲，她用纯真质朴的情感感动了在场的所有嘉宾和评委。]]></description>
<pubDate>2017-07-09 13:20:24</pubDate>
<guid><![CDATA[http://world.huanqiu.com/hot/2017-07/10954617.html]]></guid>
<author><![CDATA[http://world.huanqiu.com/hot/]]></author>
</item>
<item>
<title><![CDATA[专访：德中合作将持续走向深入]]></title>
<link><![CDATA[http://world.huanqiu.com/hot/2017-07/10954616.html]]></link>
<description><![CDATA[德国智库德国发展研究院院长迪尔克·梅斯纳在二十国集团领导人汉堡峰会期间接受记者采访时表示，德中合作未来前景广阔，在新的国际形势下呈现诸多新抓手和新机遇，两国关系必将持续走向深入。]]></description>
<pubDate>2017-07-09 13:20:13</pubDate>
<guid><![CDATA[http://world.huanqiu.com/hot/2017-07/10954616.html]]></guid>
<author><![CDATA[http://world.huanqiu.com/hot/]]></author>
</item>
<item>
<title><![CDATA[美国加州迎来131年来最高温 山火乘热浪迅速蔓延]]></title>
<link><![CDATA[http://world.huanqiu.com/hot/2017-07/10954608.html]]></link>
<description><![CDATA[据外媒报道，美国加州日前发生山火，火势继续迅速蔓延。而由于该地区正遭受热浪侵袭，这让扑救工作变得更为困难。大火已造成多栋建筑受损，有数人受轻伤。]]></description>
<pubDate>2017-07-09 13:19:26</pubDate>
<guid><![CDATA[http://world.huanqiu.com/hot/2017-07/10954608.html]]></guid>
<author><![CDATA[http://world.huanqiu.com/hot/]]></author>
</item>
<item>
<title><![CDATA[“中国之行对我从事陶艺创作意义重大”——尼日利亚人加耶尔的“中国陶艺缘”]]></title>
<link><![CDATA[http://world.huanqiu.com/hot/2017-07/10954607.html]]></link>
<description><![CDATA[新华社阿布贾７月９日电通讯：“中国之行对我从事陶艺创作意义重大”——尼日利亚人加耶尔的“中国陶艺缘”新华社记者陈淑品在一场“尼日利亚人眼中的中国”艺术展上，记者被几件颇具中国特色的陶艺作品吸引，并由此与其创作者乔瑟夫·加耶尔结识。经过２小时车程，记者一行来到距离尼日利亚首都阿布贾市中心４５公里的一个村庄。走进加耶尔工作的小院，这里简陋、幽静，加耶尔热情地出来迎接。]]></description>
<pubDate>2017-07-09 13:19:22</pubDate>
<guid><![CDATA[http://world.huanqiu.com/hot/2017-07/10954607.html]]></guid>
<author><![CDATA[http://world.huanqiu.com/hot/]]></author>
</item>
<item>
<title><![CDATA[“叫板”特朗普移民限制令 美地方政府受挫]]></title>
<link><![CDATA[http://world.huanqiu.com/hot/2017-07/10954584.html]]></link>
<description><![CDATA[自美国总统唐纳德·特朗普政府的新版移民限制令获最高法院部分解冻后，有关免受限制令约束的人群范围争议不断。夏威夷州此前要求一名联邦地区法官对最高法院的判决作出澄清。不过，夏威夷联邦地区法官德里克·沃森6日驳回了这一要求，但裁定该州可直接向最高法院“要说法”。对于沃森的裁定，美国司法部当天在一份声明中表示“满意”。夏威夷州晚些时候称，将提起上诉。]]></description>
<pubDate>2017-07-09 12:49:32</pubDate>
<guid><![CDATA[http://world.huanqiu.com/hot/2017-07/10954584.html]]></guid>
<author><![CDATA[http://world.huanqiu.com/hot/]]></author>
</item>
<item>
<title><![CDATA[巴基斯坦和印度军队交火 多人伤亡]]></title>
<link><![CDATA[http://world.huanqiu.com/hot/2017-07/10954546.html]]></link>
<description><![CDATA[巴基斯坦和印度军队交火 多人伤亡：据《新印度快报》7月8日报道称，印巴军队在克什米尔地区激烈交火，造成两平民死亡数人受伤。与此同时，巴基斯坦军方当天发表声明证实印军“无端”炮击事件，并称巴军方已对此进行了“有效回应”。]]></description>
<pubDate>2017-07-09 12:20:15</pubDate>
<guid><![CDATA[http://world.huanqiu.com/hot/2017-07/10954546.html]]></guid>
<author><![CDATA[http://world.huanqiu.com/hot/]]></author>
</item>
<item>
<title><![CDATA[专访：德中合作将持续走向深入--访德国发展研究院院长迪尔克·梅斯纳]]></title>
<link><![CDATA[http://world.huanqiu.com/hot/2017-07/10954544.html]]></link>
<description><![CDATA[新华社德国汉堡７月９日电专访：德中合作将持续走向深入——访德国发展研究院院长迪尔克·梅斯纳新华社记者张远德国智库德国发展研究院院长迪尔克·梅斯纳在二十国集团领导人汉堡峰会期间接受新华社记者采访时表示，德中合作未来前景广阔，在新的国际形势下呈现诸多新抓手和新机遇，两国关系必将持续走向深入。梅斯纳说，从宏观层面来看，全球化时代下的世界各国相互关联程度极高。]]></description>
<pubDate>2017-07-09 12:19:51</pubDate>
<guid><![CDATA[http://world.huanqiu.com/hot/2017-07/10954544.html]]></guid>
<author><![CDATA[http://world.huanqiu.com/hot/]]></author>
</item>
<item>
<title><![CDATA[世界银行启动发展中国家女性企业家贷款项目]]></title>
<link><![CDATA[http://world.huanqiu.com/hot/2017-07/10954488.html]]></link>
<description><![CDATA[新华社德国汉堡７月８日电世界银行８日宣布启动一项规模将达１０亿美元的贷款项目，以支持发展中国家的女性企业家。世界银行当天在二十国集团领导人汉堡峰会期间宣布，贷款项目的首批资金３．２５亿美元将由德国、美国、沙特阿拉伯和阿联酋等国提供，后续数亿美元将来自私人资本。世界银行行长金墉当天在项目启动仪式上说，世界银行计划在今年年底前开始向发展中国家女性企业家放贷。]]></description>
<pubDate>2017-07-09 11:50:24</pubDate>
<guid><![CDATA[http://world.huanqiu.com/hot/2017-07/10954488.html]]></guid>
<author><![CDATA[http://world.huanqiu.com/hot/]]></author>
</item>
<item>
<title><![CDATA[韩政府将特邀专家加入韩日慰安妇协议审查组]]></title>
<link><![CDATA[http://world.huanqiu.com/hot/2017-07/10954487.html]]></link>
<description><![CDATA[中新网7月9日电据韩联社报道，多位韩国政府消息人士9日透露，韩政府将邀请专家学者加入即将组建的《韩日慰安妇问题协议》审查工作组，保障审查的客观性。据报道，消息人士表示，韩国外交部长官康京和在结束二十国集团(G20)领导人峰会日程于10日返回韩国后，将随即着手物色工作组人选。据悉，政府考虑特邀多年研究慰安妇问题的专家学者及外交专家加入工作组。]]></description>
<pubDate>2017-07-09 11:49:59</pubDate>
<guid><![CDATA[http://world.huanqiu.com/hot/2017-07/10954487.html]]></guid>
<author><![CDATA[http://world.huanqiu.com/hot/]]></author>
</item>
<item>
<title><![CDATA[伊朗安全部门查抄大型军火库 被指计划用于发动恐袭]]></title>
<link><![CDATA[http://world.huanqiu.com/hot/2017-07/10954433.html]]></link>
<description><![CDATA[据伊朗presstv电视台和Tasnim通讯社8日消息，伊朗安全部门在该国东南部查抄一大型军火库，该军火库中有35支AK-47突击步枪、榴弹发射器以及高射武器。presstv报道称，这些武器属于逊尼派极端恐怖组织“正义军”(Jaish-ulAdl)。报道称，查抄行动是在伊朗萨拉万市进行的，该市位于伊朗与巴勒斯坦地区交界处，属东南部锡斯坦－俾路支斯坦省。]]></description>
<pubDate>2017-07-09 11:23:11</pubDate>
<guid><![CDATA[http://world.huanqiu.com/hot/2017-07/10954433.html]]></guid>
<author><![CDATA[http://world.huanqiu.com/hot/]]></author>
</item>
<item>
<title><![CDATA[美国加州录得131年来最高温 山火乘热浪迅速蔓延]]></title>
<link><![CDATA[http://world.huanqiu.com/hot/2017-07/10954429.html]]></link>
<description><![CDATA[据外媒报道,美国加州日前发生山火，火势继续迅速蔓延。过去数月，州内部分地区有降雨，缓和了旱情，一些地区发生山火时日期已迟于往年。]]></description>
<pubDate>2017-07-09 11:22:18</pubDate>
<guid><![CDATA[http://world.huanqiu.com/hot/2017-07/10954429.html]]></guid>
<author><![CDATA[http://world.huanqiu.com/hot/]]></author>
</item>
<item>
<title><![CDATA[探访阿斯塔纳“可汗之帐”：世界上最大的“帐篷”(组图)]]></title>
<link><![CDATA[http://world.huanqiu.com/hot/2017-07/10954428.html]]></link>
<description><![CDATA[“可汗之帐”位于阿斯塔纳市中轴线最西端，这栋建筑足有150米高，占地10万平方米。汪金生摄中新网阿斯塔纳7月9日电(古丽米娜·艾力哈孜)在哈萨克斯坦首都阿斯塔纳，“生命之树”、独立宫、“可汗之帐”等标志性建筑吸引着各地游客的眼球。其中，“可汗之帐”以现代化元素和超现实主义气息，震撼着各国游客，它位于阿斯塔纳市中轴线最西端，这栋建筑足有150米高，占地10万平方米。]]></description>
<pubDate>2017-07-09 11:22:10</pubDate>
<guid><![CDATA[http://world.huanqiu.com/hot/2017-07/10954428.html]]></guid>
<author><![CDATA[http://world.huanqiu.com/hot/]]></author>
</item>
<item>
<title><![CDATA[日本九州特大暴雨灾情扩大 遇难人数升至16人]]></title>
<link><![CDATA[http://world.huanqiu.com/hot/2017-07/10954422.html]]></link>
<description><![CDATA[中新网7月9日电据日媒报道，日本九州北部日前遭特大暴雨袭击，至当地时间8日，暴雨已造成16人死亡，此外仍有10多人下落不明。至当地时间8日，暴雨已造成16人死亡，此外仍有10多人下落不明。报道称，此轮暴雨对位于九州地区福冈、大分两县造成严重损失，8日又新发现1具遇难者遗体，暴雨造成的死亡总人数升至16人。此外，当天早晨，在有明海相继发现4具遗体，佐贺县警方正在调查是否为暴雨的遇难者。]]></description>
<pubDate>2017-07-09 11:20:51</pubDate>
<guid><![CDATA[http://world.huanqiu.com/hot/2017-07/10954422.html]]></guid>
<author><![CDATA[http://world.huanqiu.com/hot/]]></author>
</item>
<item>
<title><![CDATA[日本九州特大暴雨灾情扩大 遇难人数升至16人]]></title>
<link><![CDATA[http://world.huanqiu.com/hot/2017-07/10954421.html]]></link>
<description><![CDATA[据日媒报道,日本九州北部日前遭特大暴雨袭击，至当地时间8日，暴雨已造成16人死亡，此外仍有10多人下落不明。]]></description>
<pubDate>2017-07-09 11:20:46</pubDate>
<guid><![CDATA[http://world.huanqiu.com/hot/2017-07/10954421.html]]></guid>
<author><![CDATA[http://world.huanqiu.com/hot/]]></author>
</item>
<item>
<title><![CDATA[第16届巴黎沙滩节开幕]]></title>
<link><![CDATA[http://world.huanqiu.com/hot/2017-07/10954412.html]]></link>
<description><![CDATA[7月8日，在法国巴黎，人们在塞纳河边消夏。第16届巴黎沙滩节8日在法国巴黎塞纳河畔拉开帷幕。与往年不同，今年的沙滩节用绿草代替人造沙滩，以响应日益高涨的环保呼声。此次活动将持续至9月3日。新华社发（安东摄）7月8日，在法国巴黎，人们在塞纳河边消夏。第16届巴黎沙滩节8日在法国巴黎塞纳河畔拉开帷幕。与往年不同，今年的沙滩节用绿草代替人造沙滩，以响应日益高涨的环保呼声。此次活动将持续至9月3日。]]></description>
<pubDate>2017-07-09 11:19:26</pubDate>
<guid><![CDATA[http://world.huanqiu.com/hot/2017-07/10954412.html]]></guid>
<author><![CDATA[http://world.huanqiu.com/hot/]]></author>
</item>
<item>
<title><![CDATA[卡塔尔所受制裁将“加码” 美国务卿将访科威特斡旋]]></title>
<link><![CDATA[http://world.huanqiu.com/hot/2017-07/10954369.html]]></link>
<description><![CDATA[沙特阿拉伯、阿联酋、埃及和巴林7日发表联合声明，称卡塔尔阻扰旨在解决断交危机的努力，四国将“及时”采取“一切必要”措施制裁卡塔尔。美国国务院6日说，美方对沙特等国与卡塔尔断交风波“陷入僵局”“越发担忧”。美国国务卿雷克斯·蒂勒森定于10日访问科威特，为此展开斡旋。【再放狠话】6月5日，沙特、阿联酋、巴林和埃及以卡塔尔“支持恐怖主义”“破坏地区安全”为由，宣布与卡塔尔断交，并对卡塔尔实施禁运和封锁。]]></description>
<pubDate>2017-07-09 10:53:20</pubDate>
<guid><![CDATA[http://world.huanqiu.com/hot/2017-07/10954369.html]]></guid>
<author><![CDATA[http://world.huanqiu.com/hot/]]></author>
</item>
<item>
<title><![CDATA[中德合作有助于更有效解决气候变化等国际问题]]></title>
<link><![CDATA[http://world.huanqiu.com/hot/2017-07/10954366.html]]></link>
<description><![CDATA[作者：马库斯魏德林（德国）今年是中德建交45周年，经过这么多年的发展，两国关系日趋密切和不断增强。中德已经成为不可或缺的贸易伙伴，对彼此都有重要的意义。德国商会统计，2016年双边贸易额大约1700亿欧元，使得德国成为中国在欧洲的最大贸易伙伴。两国2014年建立全面战略伙伴关系，今天依然保持良好发展势头。从全球角度来看，这种伙伴关系的重要性也是毋庸置疑的。毫无疑问，中德关系对G20发展也至关重要。]]></description>
<pubDate>2017-07-09 10:52:24</pubDate>
<guid><![CDATA[http://world.huanqiu.com/hot/2017-07/10954366.html]]></guid>
<author><![CDATA[http://world.huanqiu.com/hot/]]></author>
</item>
<item>
<title><![CDATA[默克尔出席G20峰会新闻发布会]]></title>
<link><![CDATA[http://world.huanqiu.com/hot/2017-07/10954364.html]]></link>
<description><![CDATA[7月8日，德国总理默克尔在汉堡出席二十国集团（G20）峰会新闻发布会。德国总理默克尔8日在汉堡峰会结束后表示，二十国集团就自由贸易达成一致，但未能就气候变化《巴黎协定》达成一致。新华社记者罗欢欢摄7月8日，德国总理默克尔在汉堡出席二十国集团（G20）峰会新闻发布会。德国总理默克尔8日在汉堡峰会结束后表示，二十国集团就自由贸易达成一致，但未能就气候变化《巴黎协定》达成一致。]]></description>
<pubDate>2017-07-09 10:52:14</pubDate>
<guid><![CDATA[http://world.huanqiu.com/hot/2017-07/10954364.html]]></guid>
<author><![CDATA[http://world.huanqiu.com/hot/]]></author>
</item>
<item>
<title><![CDATA[随笔:申遗频告捷 遗产保护任务更艰巨]]></title>
<link><![CDATA[http://world.huanqiu.com/hot/2017-07/10954361.html]]></link>
<description><![CDATA[新华社北京7月9日电随笔:申遗频告捷遗产保护任务更艰巨新华社记者郑汉根在波兰举行的第41届世界遗产大会传来喜讯,中国青海省可可西里和福建省鼓浪屿分别于7日和8日成功入选世界自然遗产名录和文化遗产名录。中国的世界遗产数量由此达到52项。中国迄今在申遗上取得的亮丽成绩,展现出一个文明大国的深厚内蕴,展现出一个美丽国度的多娇风姿,值得国人为之自豪,也必将更加坚定我们作为中国人的文化自信。]]></description>
<pubDate>2017-07-09 10:52:01</pubDate>
<guid><![CDATA[http://world.huanqiu.com/hot/2017-07/10954361.html]]></guid>
<author><![CDATA[http://world.huanqiu.com/hot/]]></author>
</item>
</channel>
</rss>
