<?xml version="1.0" encoding="UTF-8"?>


<?xml-stylesheet type="text/xsl" href="/css/rss_xml_style.css"?>

<rss version="2.0">
  <channel>
    <title>军事站</title>
    <image>
      <title>军事站</title>
      <link>http://news.qq.com</link>
      <url>http://mat1.qq.com/news/rss/logo_news.gif</url>
    </image>
    <description>军事站</description>
    <link>http://news.qq.com/militery.shtml</link>
    <copyright>Copyright 1998 - 2005 TENCENT Inc. All Rights Reserved</copyright>
    <language>zh-cn</language>
    <generator>www.qq.com</generator>
    <item>
      <title>陆航部队训练，大群直8直升机扑面而来</title>
      <link>http://news.qq.com/a/20170711/034496.htm</link>
      <author>www.qq.com</author>
      <category/>
      <pubDate>2017-07-11 14:18:20</pubDate>
      <comments/>
      <description>陆航部队训练，大群直8直升机扑面而来</description>
    </item>
    <item>
      <title>摩苏尔已解放 39名曾在此被劫持印度公民仍未找到</title>
      <link>http://news.qq.com/a/20170711/034452.htm</link>
      <author>www.qq.com</author>
      <category/>
      <pubDate>2017-07-11 14:17:39</pubDate>
      <comments/>
      <description>资料图：7月10日，伊拉克总理阿巴迪（中）在摩苏尔举行的庆祝仪式上讲话。新华社发（哈利勒·达伍德摄）【环球网综合报道】据《印度时报》7月11日报道，印度政府在10日表示，摩苏尔城从极端组织“伊斯兰国”(IS)手中获得解放是全球反恐战争重要的里程碑，不过，自2014年从摩苏尔被绑架的39名印度建筑工人仍然下落不明。印</description>
    </item>
    <item>
      <title>以牙还牙！俄或驱逐30名美外交官 查封部分财产</title>
      <link>http://news.qq.com/a/20170711/034187.htm</link>
      <author>www.qq.com</author>
      <category/>
      <pubDate>2017-07-11 14:13:48</pubDate>
      <comments/>
      <description>资料图：俄罗斯军演【环球网综合报道记者赵衍龙】俄罗斯卫星新闻网7月11日援引《消息报》消息称，俄外交部知情人士称，俄罗斯计划驱逐大约30名美国外交官并查封几处美在俄财产。《消息报》指出，美国不归还2016年12月查封的俄使馆财产的决定让俄方采取了这样的措施。俄罗斯总统弗拉基米尔·普京与美国总统唐纳德·特朗普首</description>
    </item>
    <item>
      <title>气动院虚拟飞行试验技术取得阶段性突破</title>
      <link>http://news.qq.com/a/20170711/026719.htm</link>
      <author>www.qq.com</author>
      <category/>
      <pubDate>2017-07-11 11:45:15</pubDate>
      <comments/>
      <description>在风洞中开展纵向静不稳定动态标模虚拟飞行演示验证试验的某新型战机近日，航空工业气动院在哈尔滨新区4米量级风洞顺利开展了纵向静不稳定动态标模虚拟飞行演示验证试验，使气动院在新型动态试验技术领域实现了阶段性突破。本次试验完成了起风阶段模型控制、定姿稳态飞行、控制律调参等科目，实现了俯仰操纵、偏航操纵、滚</description>
    </item>
    <item>
      <title>美军方：解放伊拉克摩苏尔不代表反恐行动结束</title>
      <link>http://news.qq.com/a/20170711/026341.htm</link>
      <author>www.qq.com</author>
      <category/>
      <pubDate>2017-07-11 11:40:56</pubDate>
      <comments/>
      <description>资料图：在伊拉克摩苏尔举行的庆祝仪式上，一名伊拉克士兵挥舞国旗新华社华盛顿7月10日电（记者陆佳飞周而捷）美国国防部10日证实，极端组织“伊斯兰国”在伊拉克的大本营摩苏尔已在伊拉克安全部队控制下，但摩苏尔战役胜利不代表打击“伊斯兰国”行动结束。美国国防部当天发表声明说，虽然摩苏尔老城区仍可能有“伊斯兰国</description>
    </item>
    <item>
      <title>美海军陆战队一空中加油机坠毁 致机上16人遇难</title>
      <link>http://news.qq.com/a/20170711/024884.htm</link>
      <author>www.qq.com</author>
      <category/>
      <pubDate>2017-07-11 11:27:27</pubDate>
      <comments/>
      <description>坠机现场中新网7月11日电据外媒报道，一架美国海军陆战队空中加油机10日在密西西比州坠毁，当地应急事务负责人消息称，事故共造成机上16人遇难。报道称，这架美国海军陆战队KC-130空中加油机，在密西西比州杰克逊县北部高速路旁坠毁。美国海军陆战队在推特上表示，“美国海军陆战队KC-130事故发生在7月10日。有进一步消息</description>
    </item>
    <item>
      <title>辽宁舰编队今日上午离开香港 大批民众送行</title>
      <link>http://news.qq.com/a/20170711/024597.htm</link>
      <author>www.qq.com</author>
      <category/>
      <pubDate>2017-07-11 11:24:36</pubDate>
      <comments/>
      <description>辽宁舰编队今日上午离开香港 大批民众送行</description>
    </item>
    <item>
      <title>菲律宾军方：菲好战分子逼迫儿童与人质参战</title>
      <link>http://news.qq.com/a/20170711/023515.htm</link>
      <author>www.qq.com</author>
      <category/>
      <pubDate>2017-07-11 11:13:07</pubDate>
      <comments/>
      <description>菲军方在南部城市马拉维向极端组织“伊斯兰国”发动猛烈攻势【环球网报道记者赵怡蓁】菲律宾当地时间5月23日，菲好战分子攻占该国南部城市马拉维，企图在此为极端组织“伊斯兰国”(IS)设省。尽管军方为驱逐他们发动猛烈攻势，目前仍有超过100人在这座城市里。据法国国际广播电台7月10日援引法新社报道，菲律宾军方于当地时</description>
    </item>
    <item>
      <title>外媒：中国已成功试验“不可破解”通信网络</title>
      <link>http://news.qq.com/a/20170711/023359.htm</link>
      <author>www.qq.com</author>
      <category/>
      <pubDate>2017-07-11 11:11:23</pubDate>
      <comments/>
      <description>资料图：济南量子通信试验网总控中心【环球网综合报道记者查希】日前，首个商用量子通信专网在中国济南完成测试，其保密性、安全性以及成码率的测试，均达到了设计目标，整套网络预计今年8月底正式投入使用。英国《金融时报》7月11日发表报道对此评论称，“中国的一个城市已经成功试验了一个“不可破解”的通信网络，世界</description>
    </item>
    <item>
      <title>叙日内瓦第七轮和谈启动 反对派称不抱太大希望</title>
      <link>http://news.qq.com/a/20170711/000000.htm</link>
      <author>www.qq.com</author>
      <category/>
      <pubDate>2017-07-11 10:26:17</pubDate>
      <comments/>
      <description>资料图：叙利亚政府军【环球网报道记者赵怡蓁】联合国主持的叙利亚日内瓦和谈从2014年开始断断续续进行。2017年5月最近的一次谈判，几乎没有取得进展。当时联合国叙利亚特使德米斯图拉解释说，双方在重大问题上分歧依然严重。据法国国际广播电台7月10日报道，叙利亚日内瓦第七轮和谈于当地时间7月10日启动。7月10日，德米</description>
    </item>
    <item>
      <title>美首次在立陶宛部署爱国者系统 将在演习中使用</title>
      <link>http://news.qq.com/a/20170711/018900.htm</link>
      <author>www.qq.com</author>
      <category/>
      <pubDate>2017-07-11 10:02:44</pubDate>
      <comments/>
      <description>资料图：爱国者反导系统【环球网报道实习记者郝思嘉】据俄罗斯卫星通讯7月11日报道，美国首次在立陶宛部署爱国者防空导弹系统，该系统将在7月11日至22日举行的马刀打击-2017空军演习中使用。立陶宛国防部表示，“警惕鹰-2017”演习是该军演的一部分。“警惕鹰-2017”演习旨在检查立陶宛空军各部队间领导层和指挥层的互相协</description>
    </item>
    <item>
      <title>美国一架海军陆战队飞机坠毁 至少5人死亡</title>
      <link>http://news.qq.com/a/20170711/018303.htm</link>
      <author>www.qq.com</author>
      <category/>
      <pubDate>2017-07-11 09:55:20</pubDate>
      <comments/>
      <description>图为坠毁现场升起的浓烟（图自NBC网站）当地时间7月10日，美国海军陆战队确认，一架KC—130型空中加油机在密西西比州利福勒县坠毁。海军陆战队新闻发言人萨拉·伯恩斯在一份声明中称，这架空中加油机遭遇了不测。据福克斯新闻报道，利福勒县警长里奇·班克斯称，飞机上共有9人，其中至少5人遇难。飞机在距离该县杰克逊地区</description>
    </item>
    <item>
      <title>央视曝光中国电磁弹射系统 随时可上舰</title>
      <link>http://news.qq.com/a/20170711/016714.htm</link>
      <author>www.qq.com</author>
      <category/>
      <pubDate>2017-07-11 09:39:10</pubDate>
      <comments/>
      <description>央视曝光中国电磁弹射系统 随时可上舰</description>
    </item>
    <item>
      <title>央视：巴基斯坦与印度这个时候交火 是为哪般？</title>
      <link>http://news.qq.com/a/20170711/015934.htm</link>
      <author>www.qq.com</author>
      <category/>
      <pubDate>2017-07-11 09:30:13</pubDate>
      <comments/>
      <description>图为印巴交火现场印度和巴基斯坦交火再升级。本月8日，印巴军队在克什米尔地区激烈交火，双方均指责对方朝己方开火并造成人员伤亡。8日交火双方互相指责巴基斯坦外交部两度召见印度驻巴基斯坦副高级专员表示抗议。巴方表示，印军“故意以平民作为目标，违背了国际人道主义法则，应受到谴责”，要求印度遵守双方2003年达成</description>
    </item>
    <item>
      <title>航空母舰集结 美日印开始印度洋联合军演</title>
      <link>http://news.qq.com/a/20170711/015591.htm</link>
      <author>www.qq.com</author>
      <category/>
      <pubDate>2017-07-11 09:25:57</pubDate>
      <comments/>
      <description>美日印三国“马拉巴尔”年度海上联合军演参演军舰美国、日本和印度10日起在印度东部金奈港附近海域举行“马拉巴尔”年度海上联合军演。此次军演集结三国航空母舰：美国海军“尼米兹”号核动力航母外，日本海上自卫队准航母“出云号”和印度唯一的“超日王”号航母。日本时事通讯社报道，演习定于10日至13日在金奈港附近海</description>
    </item>
    <item>
      <title>印要在边境打持久战?中方:证明印方有组织有预谋</title>
      <link>http://news.qq.com/a/20170711/014386.htm</link>
      <author>www.qq.com</author>
      <category/>
      <pubDate>2017-07-11 09:12:34</pubDate>
      <comments/>
      <description>资料图：解放军高原演习【环球时报-环球网报道记者郭芳】中印双方在中印边界锡金段的对峙还在继续。在10日的中国外交部例行记者会上，有印度记者称，印度方面据报已经在洞朗地区做好长期对峙的准备，但同时也在寻求外交解决，并就此询问中方的看法。外交部发言人耿爽回应说，我不知道有关报道是否属实。如果属实的话，这只</description>
    </item>
    <item>
      <title>菲记者：放眼领土争端之外 我们必须向中国学习</title>
      <link>http://news.qq.com/a/20170711/014017.htm</link>
      <author>www.qq.com</author>
      <category/>
      <pubDate>2017-07-11 09:08:36</pubDate>
      <comments/>
      <description>资料图：美菲军演菲律宾《马尼拉时报》7月10日文章，原题：放眼领土争端之外，我们必须向中国学习笔者坚信历史将判定杜特尔特总统的最重要成就之一，就是带领菲律宾远离(其前任)阿基诺绘制的灾难性航线：对中国——这个地区的超级大国、世界第二大经济体——采取好战立场。在其担心中国在亚洲崛起的美国主子引领下，阿基诺</description>
    </item>
    <item>
      <title>英媒：模拟对华军演 澳大利亚安全政策南辕北辙</title>
      <link>http://news.qq.com/a/20170711/013812.htm</link>
      <author>www.qq.com</author>
      <category/>
      <pubDate>2017-07-11 09:06:49</pubDate>
      <comments/>
      <description>资料图：护身军刀2015演习英国《卫报》7月10日文章，原题：军事演习反而可能点燃而非阻止与中国的冲突副题：澳大利亚正在符合美国安全利益的军事扩张与冲突道路上梦游，却没搞定我们自己的安全政策2017年“护身军刀”军演已进入第二周。该演习两年一次、由澳举办，今年有包括美澳日、新西兰和加拿大的3万多军人参加，为历</description>
    </item>
    <item>
      <title>台军退役飞行员对蔡当局年改失望 怒砸勋章抗议</title>
      <link>http://news.qq.com/a/20170711/013565.htm</link>
      <author>www.qq.com</author>
      <category/>
      <pubDate>2017-07-11 09:04:17</pubDate>
      <comments/>
      <description>资料图：台军战机空中编队中国台湾网7月10日讯据台湾《中时电子报》报道，台空军退役飞行员田定忠因年改问题对蔡当局失望透顶。但他没有选择上街头，而是在家拿出钉锤敲烂自己得的所有勋章。田定忠表示，这些徽章对他已经毫无意义及价值。田定忠说，他上周在电视看到一群群退休的军人在台北街头抗争的游行活动，他们正遭到</description>
    </item>
    <item>
      <title>韩新部长打出慰安妇政策组合拳 向日本亮明立场</title>
      <link>http://news.qq.com/a/20170711/013086.htm</link>
      <author>www.qq.com</author>
      <category/>
      <pubDate>2017-07-11 08:59:09</pubDate>
      <comments/>
      <description>资料图：韩国已故慰安妇受害者的铜像【环球时报驻韩国、日本特派特约记者陈尚文孙秀萍】韩国新任女性家族部长官郑铉栢10日表示，韩国将在首都首尔建一座日军“慰安妇”博物馆，并将加快重启上届政府中断的“慰安妇”史料申遗工作。此外，韩国还计划设“慰安妇”受害者纪念日，并审查韩日“慰安妇协议”。分析认为，韩国文</description>
    </item>
  </channel>
</rss>
