<?xml version="1.0" encoding="UTF-8"?>


<?xml-stylesheet type="text/xsl" href="/css/rss_xml_style.css"?>

<rss version="2.0">
  <channel>
    <title>新闻国际</title>
    <image>
      <title>新闻国际</title>
      <link>http://news.qq.com</link>
      <url>http://mat1.qq.com/news/rss/logo_news.gif</url>
    </image>
    <description>新闻国际</description>
    <link>http://news.qq.com/world_index.shtml</link>
    <copyright>Copyright 1998 - 2005 TENCENT Inc. All Rights Reserved</copyright>
    <language>zh-cn</language>
    <generator>www.qq.com</generator>
    <item>
      <title>摩苏尔已解放 39名曾被劫持印度公民仍未找到</title>
      <link>http://news.qq.com/a/20170711/034524.htm</link>
      <author>www.qq.com</author>
      <category/>
      <pubDate>2017-07-11 14:19:00</pubDate>
      <comments/>
      <description>【环球网综合报道】据《印度时报》7月11日报道，印度政府在10日表示，摩苏尔城从极端组织“伊斯兰国”(IS)手中获得解放是全球反恐战争重要的里程碑，不过，自2014年从摩苏尔被绑架的39名印度建筑工人仍然下落不明。印度政府还表示，他们已启动“各种渠道”来寻找他们。印度政府称，印度国务部长VK﹒辛格于7月10日深夜抵达</description>
    </item>
    <item>
      <title>巴菲特慷慨捐赠价值31亿美元股票 系最大一笔捐赠</title>
      <link>http://news.qq.com/a/20170711/032995.htm</link>
      <author>www.qq.com</author>
      <category/>
      <pubDate>2017-07-11 13:49:10</pubDate>
      <comments/>
      <description>中新网7月11日电据“中央社”报道，“股神”巴菲特10日慷慨捐赠价值约31.7亿美元波克夏哈萨威股票，给予比尔暨梅琳达盖茨基金会及其他4个家族慈善基金会，这是他10余年捐出身家计划中的最大一笔。美国东部时间2015年9月8日中午12时，2015年赢得巴菲特慈善午餐的天神娱乐董事长朱晔先生及其团队成员在位于纽约曼哈顿49街的S</description>
    </item>
    <item>
      <title>泰国载中国游客大巴侧翻 10岁儿童丧生20多人伤</title>
      <link>http://news.qq.com/a/20170711/032560.htm</link>
      <author>www.qq.com</author>
      <category/>
      <pubDate>2017-07-11 13:37:26</pubDate>
      <comments/>
      <description>中新网7月11日电据泰国《世界日报》报道，当地时间10日晚上11时许，泰国普吉府卡图县发生一起交通事故，一辆载有中国游客的大巴在素挽奇里翁寺庙附近失控侧翻，导致1人死亡，20多人受伤。据报道，当地警方接报赶到现场后立即展开救援，将所有受伤的中国乘客救出车外，有一名10岁男孩当场死亡，2人受重伤，另有20多人受伤。</description>
    </item>
    <item>
      <title>俄罗斯或驱逐30名美国外交官 查封美在俄财产</title>
      <link>http://news.qq.com/a/20170711/031789.htm</link>
      <author>www.qq.com</author>
      <category/>
      <pubDate>2017-07-11 13:17:22</pubDate>
      <comments/>
      <description>【环球网综合报道记者赵衍龙】俄罗斯卫星新闻网7月11日援引《消息报》消息称，俄外交部知情人士称，俄罗斯计划驱逐大约30名美国外交官并查封几处美在俄财产。《消息报》指出，美国不归还2016年12月查封的俄使馆财产的决定让俄方采取了这样的措施。俄罗斯总统弗拉基米尔·普京与美国总统唐纳德·特朗普首次会晤后，该问题依</description>
    </item>
    <item>
      <title>日本最高龄小猫熊“过寿” 相当人类年龄100多岁</title>
      <link>http://news.qq.com/a/20170711/031522.htm</link>
      <author>www.qq.com</author>
      <category/>
      <pubDate>2017-07-11 13:09:48</pubDate>
      <comments/>
      <description>【环球网综合报道】据日本《读卖新闻》7月11日报道，日本山口县美祢市秋吉台自然动物园中饲养的小猫熊，是目前国内年龄最大的雄性小猫熊，名叫“宝宝”，11日它迎来了23岁生日。按照人类的年纪来换算的话，这只小猫熊已经是超过100岁的高龄。由于上了年纪，大部分时间都待在饲养室。动物园为了使游客有机会向这只猫熊祝寿</description>
    </item>
    <item>
      <title>美国防部长手机号码外泄 被中学生成功拨通</title>
      <link>http://news.qq.com/a/20170711/028951.htm</link>
      <author>www.qq.com</author>
      <category/>
      <pubDate>2017-07-11 12:13:51</pubDate>
      <comments/>
      <description>华盛顿州中学生费希尔（图片来源：美媒）中国日报网7月11日电，美国总统特朗普一名助理不经意间泄露国防部长马蒂斯的手机号码，令华盛顿州一名中学生获得独家采访这位五角大楼负责人的机会。据《纽约邮报》网站报道，事缘《华盛顿邮报》在5月份刊登了一张特朗普和他的保镖席勒走在白宫外面的照片，席勒手里抓着一堆文件。</description>
    </item>
    <item>
      <title>蒙古在反对声中废除死刑 50%受访者认为没必要废除</title>
      <link>http://news.qq.com/a/20170711/027890.htm</link>
      <author>www.qq.com</author>
      <category/>
      <pubDate>2017-07-11 12:00:14</pubDate>
      <comments/>
      <description>【环球时报驻蒙古国特派记者杨涛】随着蒙古国家大呼拉尔2015年投票表决通过的新版刑法在今年7月1日正式开始实施，死刑在蒙古国成为历史。该项法案的通过，与其说是对法律条款的重新认识和理解，不如说是已卸任总统额勒贝格道尔吉为自己留下政治遗产而进行的一场无法预测的赌博。尽管废除死刑法案在争议中通过，但是福祸相</description>
    </item>
    <item>
      <title>美警方持续追踪章莹颖下落 嫌疑人14日出席听证</title>
      <link>http://news.qq.com/a/20170711/026812.htm</link>
      <author>www.qq.com</author>
      <category/>
      <pubDate>2017-07-11 11:46:37</pubDate>
      <comments/>
      <description>中新网7月11日电综合报道，涉嫌绑架中国访问学者章莹颖的美国男子克里斯滕森将在14日第三次前往伊利诺伊州厄巴纳联邦法院，出席章莹颖案的预审听证会。这次预审将决定是否有足够证据起诉被告。与此同时，警方和美国联邦调查局(FBI)仍在寻找章莹颖的下落。调查人员指出，此前媒体报道章莹颖曾在小镇塞勒姆现身的消息可能有</description>
    </item>
    <item>
      <title>伦敦警方公布公寓楼火灾死亡81人 被质疑瞒报</title>
      <link>http://news.qq.com/a/20170711/026481.htm</link>
      <author>www.qq.com</author>
      <category/>
      <pubDate>2017-07-11 11:42:55</pubDate>
      <comments/>
      <description>大火被扑灭后的“格兰菲尔塔”。国际在线专稿：据新加坡《海峡时报》7月11日报道，当地时间周一（10日），英国警方首次就6月起火的伦敦公寓内居住有多少居民进行了回应。警方称，公寓内共有居民350人，其中255人确认幸存，14人当时不在家，那么据此推算，死亡人数应该是81人。当地时间6月14日凌晨，位于英国伦敦西区的高层</description>
    </item>
    <item>
      <title>美海军陆战队一空中加油机坠毁 致机上16人遇难</title>
      <link>http://news.qq.com/a/20170711/024431.htm</link>
      <author>www.qq.com</author>
      <category/>
      <pubDate>2017-07-11 11:22:42</pubDate>
      <comments/>
      <description>图片来源网络中新网7月11日电据外媒报道，一架美国海军陆战队空中加油机10日在密西西比州坠毁，当地应急事务负责人消息称，事故共造成机上16人遇难。报道称，这架美国海军陆战队KC-130空中加油机，在密西西比州杰克逊县北部高速路旁坠毁。美国海军陆战队在推特上表示，“美国海军陆战队KC-130事故发生在7月10日。有进一步</description>
    </item>
    <item>
      <title>美国海军陆战队飞机坠毁 至少8人遇难</title>
      <link>http://news.qq.com/a/20170711/021279.htm</link>
      <author>www.qq.com</author>
      <category/>
      <pubDate>2017-07-11 10:42:28</pubDate>
      <comments/>
      <description>图片来源网络据美联社报道，当地时间7月10号下午，美国海军陆战队的一架KC130运输机在密西西比州坠毁，海军陆战队发言人萨拉伯恩斯在官方推特确认了这一消息，但是没有给出事故发生的原因。据报道，该飞机在六千多米的高空解体后坠毁，机上共搭载9人，目前确认有8人遇难.军方正在进行搜寻并调查事故原因，并表示会尽快公布</description>
    </item>
    <item>
      <title>日本九州灾民讲述受灾经历：举家被淹 面目全非</title>
      <link>http://news.qq.com/a/20170711/019941.htm</link>
      <author>www.qq.com</author>
      <category/>
      <pubDate>2017-07-11 10:13:47</pubDate>
      <comments/>
      <description>日本九州北部地区受灾已经一周了。对在避难所里生活的灾民来说，最挂念的就是家。10日，正在九州采访的央视记者就跟随一名重灾区——福冈县朝仓市的华人灾民，前往她被淹的房屋。她向记者讲述了自己在暴雨中的经历。记者在灾区采访时，遇到了在日本生活多年的华人王女士。她的家，就在这次日本九州地区暴雨灾害的重灾区之</description>
    </item>
    <item>
      <title>俄媒：1名中国公民因试图从俄运出珍贵苔藓被扣押</title>
      <link>http://news.qq.com/a/20170711/019793.htm</link>
      <author>www.qq.com</author>
      <category/>
      <pubDate>2017-07-11 10:12:01</pubDate>
      <comments/>
      <description>【环球网报道记者朱佩】据俄罗斯卫星新闻网7月10日报道，俄罗斯乌苏里斯克海关日前发布消息称，该海关成功阻止一名中国公民试图从俄向中国运送11余千克珍贵植物的行为。消息称，波尔塔夫卡公路口岸海关人员发现11.4千克珍贵苔藓植物石耳。消息中指出：“该中国公民没有出具任何允许其从俄罗斯运出该产品的相关文件，他还表</description>
    </item>
    <item>
      <title>巴黎戴高乐机场附近酒店再现袭击 约20名游客遭殃</title>
      <link>http://news.qq.com/a/20170711/019316.htm</link>
      <author>www.qq.com</author>
      <category/>
      <pubDate>2017-07-11 10:06:52</pubDate>
      <comments/>
      <description>【环球网报道记者赵怡蓁】据法国国际广播电台7月10日援引法新社报道，接近调查的消息人士于法国当地时间7月10日透露，8日，多名蒙面男子在巴黎戴高乐机场一座酒店外，使用催泪瓦斯抢劫约20名等待班车的游客，其中包括法国和来自美国及摩洛哥的游客。消息人士告诉法新社，8日早晨，约20名游客带着箱包，在诺福特酒店门前等</description>
    </item>
    <item>
      <title>特朗普长子承认大选期间与俄律师会面 称愿分享所知</title>
      <link>http://news.qq.com/a/20170711/018810.htm</link>
      <author>www.qq.com</author>
      <category/>
      <pubDate>2017-07-11 10:01:35</pubDate>
      <comments/>
      <description>上周五刚与俄罗斯总统普京首次会晤的美国总统特朗普一回国，就因“通俄门”的新爆料而面临新的压力。美国《纽约时报》9日爆料说，特朗普的长子“小特朗普”承认在去年美国总统大选期间“跟一名与俄罗斯政府有联系的俄罗斯律师会面”，而他这么做的目的是为了获取希拉里的竞选情报。《纽约时报》9日援引三名白宫顾问的话报</description>
    </item>
    <item>
      <title>英国别墅级狗屋标价149万 自带投食和温控系统</title>
      <link>http://news.qq.com/a/20170711/018083.htm</link>
      <author>www.qq.com</author>
      <category/>
      <pubDate>2017-07-11 09:52:57</pubDate>
      <comments/>
      <description>【环球网综合报道】据英国《每日邮报》7月9日报道，近日，英国柴郡的海克缇·维罗纳公司推出奢华别墅式狗屋，内设自动投食机及呼叫系统，堪称殿堂级狗屋，售价17万英镑(约合人民币149万元)。此外，该公司还出售小型的奢华狗屋，售价3万英镑(约合人民币26万元)。狗屋的前面建有仿古圆柱，庄严壮丽。它的标价之所以这么高是</description>
    </item>
    <item>
      <title>美国一架海军陆战队飞机坠毁 至少5人死亡</title>
      <link>http://news.qq.com/a/20170711/017457.htm</link>
      <author>www.qq.com</author>
      <category/>
      <pubDate>2017-07-11 09:47:04</pubDate>
      <comments/>
      <description>美国海军陆战队确认，一架KC—130型空中加油机在密西西比州利福勒县坠毁。飞机上共有9人，其中至少5人遇难。</description>
    </item>
    <item>
      <title>印度航空到底有多穷？为省钱经济舱不再提供肉餐</title>
      <link>http://news.qq.com/a/20170711/017298.htm</link>
      <author>www.qq.com</author>
      <category/>
      <pubDate>2017-07-11 09:44:54</pubDate>
      <comments/>
      <description>【环球网报道记者李德意】据美国《世界日报》7月11日报道，正在困境挣扎的印度航空(AirIndia)宣布，印度国内线航班的经济舱餐点将不再提供肉类，以此来减少浪费、降低成本并优化餐食服务。有美媒对此评价道：印度航空想出一个“颇有创意”的省钱策略——无肉餐点。报道称，印度航空市场迅速成长且竞争激烈，这使得印航陷入</description>
    </item>
    <item>
      <title>加拿大森林火灾肆虐情况危急 14000多居民被疏散</title>
      <link>http://news.qq.com/a/20170711/016588.htm</link>
      <author>www.qq.com</author>
      <category/>
      <pubDate>2017-07-11 09:37:43</pubDate>
      <comments/>
      <description>中新网7月11日电据外媒报道，加拿大不列颠哥伦比亚省森林火灾蔓延，因火灾威胁已疏散超过1.4万人。资料图：加拿大阿尔伯塔省麦克默里堡，当地山火持续蔓延，浓烟滚滚。此前报道称，该省超过1万居民因火灾被迫离开自己的家园。据卡里布地区负责人AlaRichmond消息称，火势蔓延的原因是由于风向的变化。据当地电视台消息，火</description>
    </item>
    <item>
      <title>日本暴雨灾情持续扩大 25人遇难超20人失联</title>
      <link>http://news.qq.com/a/20170711/015548.htm</link>
      <author>www.qq.com</author>
      <category/>
      <pubDate>2017-07-11 09:25:37</pubDate>
      <comments/>
      <description>日本九州地区自本月5日以来连降暴雨，灾情持续扩大。日本广播电视协会（NHK）今天凌晨报道说，截至目前，九州的福冈和大分两县已有25人死亡，其中，重灾区福冈县还有超过20人失联。不过，灾区受困人数已经从此前的大约250人减少到180人，有大约1700人目前依然离家避难。日本气象厅说，这轮以九州北部、四国、近畿地区为中</description>
    </item>
  </channel>
</rss>
