<?xml version="1.0" encoding="utf-8"?>
<?xml-stylesheet type="text/xsl" title="XSL Formatting" href="/show_new_final.xsl" media="all"?>
<!--
SINA Corporation (NASDAQ: SINA) is a leading online media company and value-added information service (VAS) provider for China and for Chinese communities worldwide. With a branded network of localized websites targeting Greater China and overseas Chinese, SINA provides services through five major business lines including SINA.com (online news and content), SINA Mobile (mobile value-added services), SINA Online (community-based services and games), SINA.net (search and enterprise services) and SINA E-commerce (online shopping), offering Internet users and government and business clients an array of services including online media and entertainment, online fee-based VAS/wireless VAS, and e-commerce and enterprise e-solutions.
With 230 million registered users worldwide, 450 million daily page views and over 60 million active users for a variety of fee-based services, SINA is the most recognized Internet brand name in China and among Chinese communities globally.
In various surveys and polls, SINA has been recognized as the most valuable brand and the most popular website in China. For 2003 and 2005, SINA was ranked the "Most Preferred Website" in China according to the Chinese Academy of Social Sciences and considered "The Most Respected Chinese Company" for three consecutive years in 2003, 2004 and 2005 by the Economic Observer and the Management Case Study Center of Beijing University. At the same time, South China Weekend in both 2003 and 2004 honored SINA with the prestigious award of the "Chinese Language Medium of the Year."
****[pid:1,tid:87,did:11,fid:2299]****-->
<rss version="2.0">
	<channel>
		<title>
			<![CDATA[焦点新闻-新浪体育]]>
		</title>
		<image>
			<title>
				<![CDATA[体育焦点新闻]]>
			</title>
			<link>http://sports.sina.com.cn</link>
			<url>http://www.sinaimg.cn/home/deco/2009/0330/logo_home.gif</url>
		</image>
		<description>
			<![CDATA[体育焦点新闻]]>
		</description>
		<link>http://sports.sina.com.cn</link>
		<language>zh-cn</language>
		<generator>WWW.SINA.COM.CN</generator>
		<ttl>5</ttl>
		<copyright>
			<![CDATA[Copyright 1996 - 2017 SINA Inc. All Rights Reserved]]>
		</copyright>
		<pubDate>Tue, 11 Jul 2017 06:16:02 GMT</pubDate>
		<category>
			<![CDATA[]]>
		</category>
		<item>
			<title>
				<![CDATA[上港未能登上榜首都是自己球员“作”]]>
			</title>
			<link>http://go.rss.sina.com.cn/redirect.php?url=http://blog.sina.com.cn/s/blog_537db9480102x64p.html</link>
			<author>SINA.com</author>
			<guid>http://go.rss.sina.com.cn/redirect.php?url=http://blog.sina.com.cn/s/blog_537db9480102x64p.html</guid>
			<category>
				<![CDATA[体育新闻]]>
			</category>
			<pubDate>Tue, 11 Jul 2017 06:15:40 GMT</pubDate>
			<comments></comments>
			<description>
				<![CDATA[]]>
			</description>
		</item>
		<item>
			<title>
				<![CDATA[曝马布里即将签北控男篮 CBA第9赛季仍留北京]]>
			</title>
			<link>http://go.rss.sina.com.cn/redirect.php?url=/cba/2017-07-11/doc-ifyhwehx5673704.shtml</link>
			<author>SINA.com</author>
			<guid>http://go.rss.sina.com.cn/redirect.php?url=/cba/2017-07-11/doc-ifyhwehx5673704.shtml</guid>
			<category>
				<![CDATA[体育新闻]]>
			</category>
			<pubDate>Tue, 11 Jul 2017 05:59:02 GMT</pubDate>
			<comments></comments>
			<description>
				<![CDATA[　　北京时间7月11日，据篮球专家大卫-皮克消息，马布里即将签约北控男篮，他的第九个CBA赛季仍将留在北京。
　　大卫-皮克在推特上说“我听到消息说，中国联赛历史上最强的球员，马布里即将与北京北控签约。他即将迎来第9个CBA赛季。”
　　此前，就有可靠消息称马布里与北控俱乐....]]>
			</description>
		</item>
		<item>
			<title>
				<![CDATA[球哥缺阵湖人获首胜 总决赛对决骑士狂胜勇士]]>
			</title>
			<link>http://go.rss.sina.com.cn/redirect.php?url=/basketball/nba/2017-07-11/doc-ifyhwefp0572329.shtml</link>
			<author>SINA.com</author>
			<guid>http://go.rss.sina.com.cn/redirect.php?url=/basketball/nba/2017-07-11/doc-ifyhwefp0572329.shtml</guid>
			<category>
				<![CDATA[体育新闻]]>
			</category>
			<pubDate>Tue, 11 Jul 2017 05:09:33 GMT</pubDate>
			<comments></comments>
			<description>
				<![CDATA[　　北京时间7月11日，湖人的新科榜眼鲍尔缺阵，但他们仍险胜国王，夏季联赛首尝胜果；同城的快船力克雄鹿；骑士则击败勇士。以下是这三场比赛的综述：
　　勇士74-骑士91
　　勇士跟骑士刚在总决赛大战5场。当然，夏季联赛的勇士和骑士跟总决赛没太大关系。
　　在总决赛中出现过....]]>
			</description>
		</item>
		<item>
			<title>
				<![CDATA[穆勒:这是生涯最大的胜利 取突破要感谢昔日伤病]]>
			</title>
			<link>http://go.rss.sina.com.cn/redirect.php?url=/tennis/atp/2017-07-11/doc-ifyhwehx5670323.shtml</link>
			<author>SINA.com</author>
			<guid>http://go.rss.sina.com.cn/redirect.php?url=/tennis/atp/2017-07-11/doc-ifyhwehx5670323.shtml</guid>
			<category>
				<![CDATA[体育新闻]]>
			</category>
			<pubDate>Tue, 11 Jul 2017 04:49:30 GMT</pubDate>
			<comments></comments>
			<description>
				<![CDATA[　　北京时间7月11日消息，超级星期一的比赛精彩纷呈，纳达尔与穆勒激战4小时48分钟才分出胜负，两盘领先又被扳平的卢森堡老将，最终在长盘决胜中15-13胜出，赛后他直言这是自己职业生涯中最大的一场胜利。
　　“如果不是最大的胜利，那一定也是最大之一。”穆勒谈道。“2013年我....]]>
			</description>
		</item>
		<item>
			<title>
				<![CDATA[NBA双向合同什么鬼？小牛可能给 但小丁不会拿]]>
			</title>
			<link>http://go.rss.sina.com.cn/redirect.php?url=/cba/2017-07-11/doc-ifyhwefp0571286.shtml</link>
			<author>SINA.com</author>
			<guid>http://go.rss.sina.com.cn/redirect.php?url=/cba/2017-07-11/doc-ifyhwefp0571286.shtml</guid>
			<category>
				<![CDATA[体育新闻]]>
			</category>
			<pubDate>Tue, 11 Jul 2017 04:38:27 GMT</pubDate>
			<comments></comments>
			<description>
				<![CDATA[　　来源：懒熊体育
　　作者：黎双富
　　【原文链接请点击这里】
　　继周琦和火箭正式签约之后，包括达拉斯晨报和一些中国体育媒体先后曝出消息，正在代表NBA小牛队参加夏季联赛而且表现不俗的CBA山东队球员丁彦雨航，将与小牛队签下一份双向合同。一时间，球迷高喊双喜临门，....]]>
			</description>
		</item>
		<item>
			<title>
				<![CDATA[曝泰达新外援难赶上战苏宁 伊德耶本人决定告别]]>
			</title>
			<link>http://go.rss.sina.com.cn/redirect.php?url=/china/j/2017-07-11/doc-ifyhwefp0571182.shtml</link>
			<author>SINA.com</author>
			<guid>http://go.rss.sina.com.cn/redirect.php?url=/china/j/2017-07-11/doc-ifyhwefp0571182.shtml</guid>
			<category>
				<![CDATA[体育新闻]]>
			</category>
			<pubDate>Tue, 11 Jul 2017 04:34:49 GMT</pubDate>
			<comments></comments>
			<description>
				<![CDATA[　　文章来源：城市快报
　　输掉和山东鲁能的比赛，泰达队的情况已经相当危险了，本周五和苏宁的比赛，将事关保级的前景。从目前的情况来看，米克尔有望参加这场比赛，不过即使俱乐部火速签下新外援，恐怕也来不及参加本轮比赛了。
　　昨天上午，预备队比赛在水滴外场进行，泰达....]]>
			</description>
		</item>
		<item>
			<title>
				<![CDATA[亚洲俱乐部排名:恒大第3权健新高 中超9队百强]]>
			</title>
			<link>http://go.rss.sina.com.cn/redirect.php?url=/china/j/2017-07-11/doc-ifyhwehx5669314.shtml</link>
			<author>SINA.com</author>
			<guid>http://go.rss.sina.com.cn/redirect.php?url=/china/j/2017-07-11/doc-ifyhwehx5669314.shtml</guid>
			<category>
				<![CDATA[体育新闻]]>
			</category>
			<pubDate>Tue, 11 Jul 2017 04:15:28 GMT</pubDate>
			<comments></comments>
			<description>
				<![CDATA[　　北京时间7月11日消息，足球数据统计网站“footballdatabase”发布了新一期世界足球俱乐部排行榜。在亚洲俱乐部方面，广州恒大以1612分排名亚洲第3位，是排名最高的东亚俱乐部，在世界范围内排名第91位，这是广州恒大近两年的最低世界排名。广州恒大排在都灵、米内罗竞技、瓦伦....]]>
			</description>
		</item>
		<item>
			<title>
				<![CDATA[观点：中超不再是外援养老院 留洋才能推广联赛]]>
			</title>
			<link>http://go.rss.sina.com.cn/redirect.php?url=/china/j/2017-07-11/doc-ifyhwehx5669289.shtml</link>
			<author>SINA.com</author>
			<guid>http://go.rss.sina.com.cn/redirect.php?url=/china/j/2017-07-11/doc-ifyhwehx5669289.shtml</guid>
			<category>
				<![CDATA[体育新闻]]>
			</category>
			<pubDate>Tue, 11 Jul 2017 04:14:04 GMT</pubDate>
			<comments></comments>
			<description>
				<![CDATA[　　文章来源：济南日报
　　恒大巴西外援保利尼奥与西甲豪门巴萨越走越近，德甲豪门拜仁主帅安切洛蒂也向权健主帅卡纳瓦罗询问出售比利时外援维特塞尔的可能性。尽管本赛季U23球员和外援人数出场限制两大政策推出，中超联赛影响力有所减弱，但优秀外援依旧能够凭借自己出色的发挥....]]>
			</description>
		</item>
		<item>
			<title>
				<![CDATA[花边|乐福女友美炸了！半裸露乳还能玩小清新]]>
			</title>
			<link>http://go.rss.sina.com.cn/redirect.php?url=/basketball/nba/2017-07-11/doc-ifyhwehx5668959.shtml</link>
			<author>SINA.com</author>
			<guid>http://go.rss.sina.com.cn/redirect.php?url=/basketball/nba/2017-07-11/doc-ifyhwehx5668959.shtml</guid>
			<category>
				<![CDATA[体育新闻]]>
			</category>
			<pubDate>Tue, 11 Jul 2017 04:07:16 GMT</pubDate>
			<comments></comments>
			<description>
				<![CDATA[　　近日，乐福甜美女友凯特在沙滩上晒出自己性感私照，不知作伴的是否是骑士队草凯文-乐福。让帅气逼人的乐福如此着迷的女人到底有怎样的魅力，来看看这张照片就知道了。
　　在照片中，乐福女友坐在沙滩边，她只穿了一条比基尼泳裤，全裸上身，即使坐在地上，小腿处于放松状态下....]]>
			</description>
		</item>
		<item>
			<title>
				<![CDATA[掌掴裁判球员微博发声致歉:深知错误 恳请原谅]]>
			</title>
			<link>http://go.rss.sina.com.cn/redirect.php?url=/china/other/2017-07-11/doc-ifyhwefp0570137.shtml</link>
			<author>SINA.com</author>
			<guid>http://go.rss.sina.com.cn/redirect.php?url=/china/other/2017-07-11/doc-ifyhwefp0570137.shtml</guid>
			<category>
				<![CDATA[体育新闻]]>
			</category>
			<pubDate>Tue, 11 Jul 2017 04:04:17 GMT</pubDate>
			<comments></comments>
			<description>
				<![CDATA[　　近日，在2017上海足球超级联赛的一场比赛中，一名球员因对主裁判不满，不仅将球大力踢向裁判，还用手击打主裁面部致使裁判员受伤。今天，这名掌掴裁判的球员在微博上发表了一封道歉信，向当值主裁道歉，并表达了自己忏悔的态度。
主裁判被扇耳光

　　该球员在道歉信中写到：....]]>
			</description>
		</item>
		<item>
			<title>
				<![CDATA[夏季联赛：猛龙1分险胜 公牛只得55分被血虐]]>
			</title>
			<link>http://go.rss.sina.com.cn/redirect.php?url=/basketball/nba/2017-07-11/doc-ifyhwefp0569248.shtml</link>
			<author>SINA.com</author>
			<guid>http://go.rss.sina.com.cn/redirect.php?url=/basketball/nba/2017-07-11/doc-ifyhwefp0569248.shtml</guid>
			<category>
				<![CDATA[体育新闻]]>
			</category>
			<pubDate>Tue, 11 Jul 2017 03:50:22 GMT</pubDate>
			<comments></comments>
			<description>
				<![CDATA[　　北京时间7月11日，猛龙1分险胜掘金；老鹰和篮网都大胜对手；热火艰难击败奇才。以下是这四场比赛的综述：
　　掘金81-猛龙82
　　猛龙惊险过关。终场前14秒，掘金有扳平的良机。赫南戈麦斯在三分线外造成犯规，得到三次罚球机会，但他三罚仅两中，掘金以81-82落后。
　　掘金....]]>
			</description>
		</item>
		<item>
			<title>
				<![CDATA[队友放心&对手丧胆！ 中国女排少了朱婷还真不行]]>
			</title>
			<link>http://go.rss.sina.com.cn/redirect.php?url=/others/volleyball/2017-07-11/doc-ifyhwehx5667671.shtml</link>
			<author>SINA.com</author>
			<guid>http://go.rss.sina.com.cn/redirect.php?url=/others/volleyball/2017-07-11/doc-ifyhwehx5667671.shtml</guid>
			<category>
				<![CDATA[体育新闻]]>
			</category>
			<pubDate>Tue, 11 Jul 2017 03:46:30 GMT</pubDate>
			<comments></comments>
			<description>
				<![CDATA[　　朱婷对中国女排有多重要？看了前天结束的世界女排大奖赛昆山站的比赛之后，你就会明白！
　　扬子晚报记者 殷小平
　　稳定军心 朱婷让队友放心对手乱心
　　昆山站的比赛，前两场朱婷都上场了，但都不是首发上场，上场的时间也不算太长。尤其是第一场打意大利，朱婷只是在最....]]>
			</description>
		</item>
		<item>
			<title>
				<![CDATA[今夏狂买的不止AC米兰！这黑马能成英超烧钱王]]>
			</title>
			<link>http://go.rss.sina.com.cn/redirect.php?url=/g/pl/2017-07-11/doc-ifyhwefp0568644.shtml</link>
			<author>SINA.com</author>
			<guid>http://go.rss.sina.com.cn/redirect.php?url=/g/pl/2017-07-11/doc-ifyhwefp0568644.shtml</guid>
			<category>
				<![CDATA[体育新闻]]>
			</category>
			<pubDate>Tue, 11 Jul 2017 03:41:29 GMT</pubDate>
			<comments></comments>
			<description>
				<![CDATA[　　夏季转会开始至今，砸钱最多的英超球队不是曼市双雄，也不是切尔西与阿森纳这两支伦敦豪强，而是上赛季排名联赛第七的埃弗顿。
　　当其他球队正准备结束假期，开启新赛季的备战时，埃弗顿已经完成了七笔引援，转会总额更是一度超过了同样疯狂引援的AC米兰，达到了惊人的9600....]]>
			</description>
		</item>
		<item>
			<title>
				<![CDATA[周琦为何在CBA多呆了1年？火箭总经理道破缘由]]>
			</title>
			<link>http://go.rss.sina.com.cn/redirect.php?url=/cba/2017-07-11/doc-ifyhwefp0568491.shtml</link>
			<author>SINA.com</author>
			<guid>http://go.rss.sina.com.cn/redirect.php?url=/cba/2017-07-11/doc-ifyhwefp0568491.shtml</guid>
			<category>
				<![CDATA[体育新闻]]>
			</category>
			<pubDate>Tue, 11 Jul 2017 03:40:14 GMT</pubDate>
			<comments></comments>
			<description>
				<![CDATA[　　文：章鱼说球
　　众所周知，目前NBA最火的中国人就是周琦，而他在夏季联赛的表现也可谓是风生水起！
　　可在此时就有很多球迷不理解，为什么去年被选中之后，周琦不直接去休斯敦火箭队呢？为什么要在新疆队多呆一年呢？如果去年到火箭队，今年应该比现在强多了吧？
　　恰好....]]>
			</description>
		</item>
		<item>
			<title>
				<![CDATA[红牛扑灭小塞恩斯转会谣言：已激活车队选项]]>
			</title>
			<link>http://go.rss.sina.com.cn/redirect.php?url=/motorracing/f1/newsall/2017-07-11/doc-ifyhwefp0568428.shtml</link>
			<author>SINA.com</author>
			<guid>http://go.rss.sina.com.cn/redirect.php?url=/motorracing/f1/newsall/2017-07-11/doc-ifyhwefp0568428.shtml</guid>
			<category>
				<![CDATA[体育新闻]]>
			</category>
			<pubDate>Tue, 11 Jul 2017 03:39:41 GMT</pubDate>
			<comments></comments>
			<description>
				<![CDATA[　　经历了奥地利大奖赛周末的喧嚣，红牛二队的卡洛斯-塞恩斯与红牛确认2018年将继续履行在红牛二队效力的合同。
　　奥地利大奖赛期间，有报道称，22岁的小塞恩斯表示“几乎不可能”连续第四个赛季为红牛二队效力。言下之意，2018赛季小塞恩斯将转投一支更大的车队。
　　尽管小....]]>
			</description>
		</item>
	</channel>
</rss>